file	mean_sent	med_sent	mean_word	med_word	subord	coordInit	question	exclam	V:N	lexDens	PRON1st	DEM	DEMshort	PTC	INTERJ
Bauernleben	19.824302134646963	17	4.6621386565062535	4	0.1772793054	0.0328407225	0.0032840722	0.0	0.6112339673	0.4867887021	0.028990309	0.00911124	0.962962963	0.0004969767	0.0013252713
Briefwechsel	160.88	72	4.816674954417371	4.0	0.2475317348	0.0	0.04	0.0	0.8380614657	0.4834244986	0.0634841704	0.0054699155	0.7727272727	0.0	0.000165755
Guentzer	17.314203730272595	15	4.810159098442161	4.0	0.1856148492	0.0243902439	0.0043041607	0.0	0.8217349857	0.5133410673	0.07557176	0.001823003	1.0	0.0002485913	0.0004971826
Koralek	20.4419795221843	17.0	4.769179397278571	4	0.2856088561	0.066552901	0.0102389078	0.0051194539	0.8437110834	0.471241339	0.0431588613	0.0055096419	0.765625	0.0012521913	0.0006678354
Nietzsche	39.70873786407767	35	5.756234718826406	5.0	0.2643312102	0.0517799353	0.0420711974	0.0388349515	0.3390928726	0.499592502	0.0164629177	0.0064384678	0.5	0.0006519967	0.0
Soeldnerleben	727.578947368421	786	5.0053530092592595	4.0	0.1164921466	0.1052631579	0.0	0.0	0.9508400747	0.4216579861	0.0308883102	0.0126591435	0.8390804598	7.2338e-05	0.0002893519
Thomasius	39.86666666666667	33	5.444597935146139	5.0	0.3696844993	0.1623188406	0.0608695652	0.0057971014	0.6085141903	0.463574233	0.0091609714	0.0108332122	0.6287878788	0.0010905918	7.27061e-05
Zimmer	107.98181818181818	64.0	4.938878599090756	4.0	0.1495016611	0.0	0.0	0.0	0.7616396761	0.5007577033	0.0489139586	0.003283381	0.3243243243	0.0	0.0005051355
