file	mean_sent	med_sent	mean_word	med_word	subord	coordInit	question	exclam	V:N	lexDens	PRON1st	DEM	DEMshort	PTC	INTERJ	SCORE
Bauernleben	0.0035340321012092397	0.0025940337224383916	0.0	0.0	0.2400829177965927	0.2023223082336383	0.05395261472970074	0.0	0.4448587484598159	0.7103896940147781	0.29858608846575263	0.6725860558932398	0.9451851852419733	0.3968856036613575	1.0	1.0762094671762932
Briefwechsel	0.2021299769637284	0.07392996108949416	0.1412456394216482	0.0	0.5175495499868626	0.0	0.6571428573306122	0.0	0.8156450759188523	0.6736958628742072	0.8179875611355109	0.33655086882640556	0.6636363636081091	0.0	0.12507250402238393	1.0359072799938327
Guentzer	0.0	0.0	0.13529016969681207	0.0	0.27300470121979314	0.15026132400800307	0.07071121152020321	0.0	0.7889567969304817	1.0	1.0	0.0	1.0	0.19852501770296596	0.37515533611872526	1.4262325382244667
Koralek	0.0044036759812833715	0.0025940337224383916	0.09783486519942862	0.0	0.6679376675344585	0.41001340789517693	0.1682106281909173	0.13182593777669582	0.824880292166031	0.5408124623542867	0.5119332357995819	0.3402169711623802	0.6531250000124875	1.0	0.503923536260085	1.0146202814098968
Nietzsche	0.031529840576198155	0.02594033722438392	1.0	1.0	0.5839001929697697	0.3190013870761963	0.6911696717689056	1.0	0.0	0.8500425038071259	0.10995120603040089	0.42593253566618117	0.26000000002664	0.520684579105445	0.0	-0.7489024974920494
Soeldnerleben	1.0	1.0	0.31369672606734544	0.0	0.0	0.6484962405528666	0.0	0.0	1.0	0.0	0.32716580028685277	1.0	0.7618390805125738	0.057769128407137146	0.218334087518533	0.9099997220530643
Thomasius	0.03175219259916363	0.023346303501945526	0.7151650623626173	1.0	1.0	1.0	1.0	0.14927536088206522	0.4404128319265426	0.4571862807333315	0.0	0.8314961586184675	0.4506060606437781	0.8709466357097354	0.05486129519291635	-0.3471010615786246
Zimmer	0.1276532662836734	0.06355382619974059	0.25293934610974217	0.0	0.13037326818125494	0.0	0.0	0.0	0.6907212686048835	0.8627515149436324	0.5985923076359915	0.13476920126681638	0.0	0.0	0.3811562960731135	0.6590822735177797
