file	mean_sent	med_sent	mean_word	med_word	subord	coordInit	question	exclam	V:N	lexDens	PRON1st	DEM	DEMshort	PTC	INTERJ	SCORE
wiki_00	1.0	1.0	0.0	0	1.0	0.39124512639885967	0.0	0.0	1.0	0.0	1.0	1.0	0.0	0.0	1.0	1.2670000000000001
wiki_01	0.0	0.0	0.5063179081299796	0	0.33811778315963514	1.0	1.0	0.3319596837864652	0.4735120104169126	0.4876138928703424	0.911702197352491	0.7299998559736448	0.10394265204474486	1.0	0.40432163914739666	0.6801932980907194
wiki_02	0.9351620750074322	1.0	1.0	0	0.0	0.0	0.5442925079450279	1.0	0.0	1.0	0.0	0.0	1.0	0.0	0.0	-0.45399999999999996
