file	mean_sent	med_sent	mean_word	med_word	subord	coordInit	question	exclam	V:N	lexDens	PRON1st	DEM	DEMshort	PTC	INTERJ
wiki_00	14.671788893598983	14.0	5.9175472938321185	5	0.0965947242	0.0034972446	0.0004239084	0.0010597711	0.3109990752	0.5349566247	0.000382829	0.0013435132	0.32	0.0	0.0002022493
wiki_01	14.006623887393914	13.0	5.998551709869063	5.0	0.0837943869	0.0037259367	0.0010349824	0.0011384806	0.3012789429	0.5391851151	0.0003620725	0.0013078947	0.3333333333	3.69462e-05	0.0001477847
wiki_02	14.628660974818978	14	6.077534556254109	5	0.0772554264	0.0033502648	0.0007565114	0.0012968767	0.2925368643	0.5436284252	0.0001477552	0.0012115929	0.4482758621	0.0	0.0001108164
